2013-03-16,Molecules1.bnx
2013-03-16,Molecules2.bnx
2013-03-18,Molecules3.bnx
2013-03-18,Molecules4.bnx
2013-03-18,Molecules5.bnx
2013-03-18,Molecules6.bnx
2013-03-18,Molecules7.bnx
2013-03-18,Molecules8.bnx
2013-03-18,Molecules9.bnx
2013-03-18,Molecules10.bnx
2013-03-18,Molecules11.bnx
2013-03-18,Molecules12.bnx
2013-03-18,Molecules13.bnx
2013-03-18,Molecules14.bnx
2013-03-16,Molecules15.bnx
2013-03-16,Molecules16.bnx
2013-03-16,Molecules17.bnx
2013-03-16,Molecules18.bnx
2013-03-16,Molecules19.bnx
2013-03-16,Molecules20.bnx
2013-03-16,Molecules21.bnx
2013-03-16,Molecules22.bnx
2013-03-16,Molecules23.bnx
2013-03-16,Molecules24.bnx
2013-03-16,Molecules25.bnx
2013-03-16,Molecules26.bnx
2013-03-16,Molecules27.bnx
2013-03-19,Molecules28.bnx
2013-03-19,Molecules29.bnx
2013-03-19,Molecules30.bnx
2013-03-19,Molecules31.bnx
2013-03-19,Molecules32.bnx
2013-03-19,Molecules33.bnx
2013-03-16,Molecules34.bnx
2013-03-16,Molecules35.bnx
2013-03-16,Molecules36.bnx
2013-03-16,Molecules37.bnx
2013-03-19,Molecules38.bnx
2013-03-19,Molecules39.bnx
2013-03-19,Molecules40.bnx
2013-03-19,Molecules41.bnx
2013-03-19,Molecules42.bnx
2013-03-19,Molecules43.bnx
2013-03-19,Molecules44.bnx
2013-03-19,Molecules45.bnx
2013-06-09,Molecules46.bnx
2013-06-10,Molecules47.bnx
2013-06-09,Molecules48.bnx
2013-06-11,Molecules49.bnx
2013-06-11,Molecules50.bnx
2013-06-11,Molecules51.bnx
2013-06-12,Molecules52.bnx
2013-06-10,Molecules53.bnx
2013-06-10,Molecules54.bnx
2013-05-21,Molecules55.bnx
2013-05-23,Molecules56.bnx
2013-05-24,Molecules57.bnx
2013-06-20,Molecules58.bnx
2013-06-21,Molecules59.bnx
2013-12-10,Molecules60.bnx
2013-12-11,Molecules61.bnx
2013-12-12,Molecules62.bnx
2013-12-16,Molecules63.bnx
2013-12-17,Molecules64.bnx
2013-12-30,Molecules65.bnx
2013-12-30,Molecules66.bnx
2013-12-31,Molecules67.bnx
2013-05-13,Molecules68.bnx
2013-05-21,Molecules69.bnx
2013-05-22,Molecules70.bnx
2013-05-23,Molecules71.bnx
2013-05-23,Molecules72.bnx
2013-05-24,Molecules73.bnx
2013-06-20,Molecules74.bnx
2013-08-15,Molecules75.bnx
2013-12-10,Molecules76.bnx
2013-12-11,Molecules77.bnx
2013-12-12,Molecules78.bnx
2014-01-02,Molecules79.bnx
2014-01-02,Molecules80.bnx
2014-01-03,Molecules81.bnx
2014-01-03,Molecules82.bnx
2014-01-03,Molecules83.bnx
2013-09-18,Molecules84.bnx
2013-09-18,Molecules85.bnx
2013-05-21,Molecules86.bnx
2013-09-19,Molecules87.bnx
2013-05-09,Molecules88.bnx
2013-05-13,Molecules89.bnx
2013-05-13,Molecules90.bnx
2013-05-14,Molecules91.bnx
2013-05-14,Molecules92.bnx
2013-05-09,Molecules93.bnx
2013-05-09,Molecules94.bnx
2013-05-10,Molecules95.bnx
2013-05-10,Molecules96.bnx
2013-05-10,Molecules97.bnx